category_id,drug_N,제품명,이 약의 효능은 무엇입니까?,이 약은 어떻게 사용합니까?
1,K-000069,타이밍정,졸음에 사용.,"성인은 1회 2~6정씩, 1일 1~3회 복용. 연령, 증상에 따라 적절히 증감할 수 있습니다."
2,K-000112,아로나민골드정,"육체피로, 임신ㆍ수유기, 병중ㆍ병후의 체력 저하 시, 노년기의 비타민 B1, B2, B6, E, C의 보급과 신경통, 근육통, 관절통 증상의 완화, 각기, 눈의 피로에 사용.","성인은 1회 1정씩, 1일 2회 복용."
3,K-000121,보나링에이정,"멀미·메니에르증후군·방사선숙취에 의한 구역·구토·어지러움, 수술후 구역·구토에 사용.","성인은 1회 1정 1일 3~4회 복용. 예방목적으로는 30분~1시간전에 1~2정을 복용. 윈칙적으로 1일 4정을 초과하지 않습니다. 연령, 증상에 따라 적절히 증감."
4,K-000147,키모랄에스정,"수술 및 외상후, 유즙울체의 염증성 부종의 완화에 사용.","성인은 첫날 1회 2정 1일 4회, 이후 유지량으로 1회 1정 1일 4회 복용. 체내에서의 작용기전은 아직 해명되지 않은 점이 많고 용량, 효과관계도 밝혀진 것이 아니므로 목적 없이 투여하지 않습니다."
5,K-000250,마그밀정,"위·십이지장궤양, 위염, 위산과다의 제산작용 및 증상의 개선, 변비증에 사용.","위.십이지장궤양, 위염, 위산과다에는 산화마그네슘으로서 1일 2~5정을 수회 분할 복용, 변비증에는 1일 2~4정을 1~2회 분할 복용. 연령, 증상에 따라 적절히 증감."
6,K-000272,낙센정,"류마티양 관절염, 골관절염, 강직성 척추염, 건염, 급성통풍, 월경곤란증과 활액낭염, 골격근장애, 수술후 통증, 편두통, 발치후 통증에 사용.","류마티양 관절염, 골관절염, 강직성 척추염에 성인은 1회 1~2정 1일 2회, 급성통풍에 성인은 초회량으로 3정 복용하고 발작이 없어질 때까지 8시간 간격으로 1정을 복용, 골격근장애, 수술후 동통, 발치후 동통, 월경곤란증, 건염, 활액낭염에 성인은 초회량으로 2정을 복용한 후 6~8시간 간격으로 1정씩 복용하고 1일 총용량이 5정을 초과하지 않도록 . 편두통에 성인은 초회량으로 3정을 복용하고 필요하면 1일 1~2정을 더 투여할 수 있으며 초회량의 투여 30분 후에 투여. 1일 총용량이 5정을 초과하지 않도록 ."
7,K-000364,페리나정,"감기로 인한 발열, 통증, 두통, 신경통, 근육통, 월경통, 염좌통, 치통, 관절통, 류마티양 통증에 사용.",성인은 1회 1정 1일 3회 매 식후에 복용.
8,K-000372,세가톤트로키,"인두염, 편도염, 구내염에 의한 염증 완화에 사용.","성인은 1회 1정씩 1일 4~5회 씹거나 삼키지 말고 입안에서 천천히 녹여 복용. 연령, 증상에 따라 적절히 증감."
9,K-000479,일양노이시린에이정,위산과다 위ㆍ십이지장염 위염의 제산작용 및 증상의 개선에 사용.,"성인은 1회 1~2정, 1일 3~4회 공복시에 복용. 연령 또는 증상에 따라 적절히 증감."
10,K-000573,게보린정,"두통, 치통, 발치후 동통, 인후통, 귀의 통증, 관절통, 신경통, 요통, 근육통, 견통, 타박통, 골절통, 염좌통, 월경통, 외상통의 진통과 오한, 발열시의 해열에 사용.",성인은 1회 1정 1일 3회까지 공복시를 피해 복용. 복용간격은 4시간 이상으로 . 이 약은 원칙적으로 단기간 복용.
11,K-000746,우루사정,"담즙분비 부전으로 오는 간질환, 담도, 담낭)계 질환의 보조 치료와 만성 간질환의 간기능 개선과 소장절제 후유증 및 염증성 소장 질환의 소화불량에 사용.",성인은 1회 0.5~1정 1일 3회 복용.
12,K-000779,스파부틴정,"식도역류 및 열공헤르니아, 위 십이지장염, 위ㆍ십이지장궤양에 있어서의 소화기능이상 과 과민성대장증후군 및 경련성 결장과 소아 질환)에 사용.","성인은 1회 1~2정 1일 3회 식전에 복용. 연령, 증상에 따라 적절히 증감."
13,K-000836,타라부틴정,"식도역류 및 열공헤르니아, 위 십이지장염, 위ㆍ십이지장궤양에 있어서의 소화기능이상 과 과민성대장증후군 및 경련성 결장과 소아 질환)에 사용.","성인은 1회 1~2정 1일 3회 식전에 복용. 연령, 증상에 따라 적절히 증감."
14,K-001029,부루펜정,"감기로 인한 발열, 통증, 두통, 신경통, 근육통, 월경통, 염좌통, 치통, 관절통, 류마티양 통증에 사용.","류마티양 관절염, 골관절염, 강직성 척추염, 연조직손상, 비관절 류마티스질환, 급성통풍, 건선성 관절염에 성인은 1회 1/2정~1.5정, 1일 3~4회 복용하며 1일 최고 3200 mg까지 복용할 수 있습니다. 연소성 류마티양 관절염에는 1일 체중 kg당 30-40 mg을 3~4회 분할하여 복용하며, 경증 및 중등도의 동통이나 감기에는 성인 1회 1 / 2 정~1정, 1일 3~4회 복용. 권장용량을 초과하여 복용하지 마십시오. 연령, 증상에 따라 적절히 증감하십시오."
15,K-001061,파자임밀리그램이중정,"소화불량, 식욕감퇴, 과식, 체함, 소화촉진, 소화불량으로 인한 위부팽만감, 가스제거에 사용.","성인은 1회 1정씩, 1일 3회 식후에 복용."
16,K-001330,크로낙정,"근육통, 신경통, 외상후 및 수술후 통증, 두통, 치통, 귀통증의 경증 또는 중등도 통증의 완화에 사용.","성인은 1회 1~2정, 1일 3회 복용."
17,K-001527,에세푸릴캡슐,급성 세균성 설사에 사용.,"성인은 1회 1캡슐씩, 1일 4회 복용. 3일 이상 복용하지 않습니다. 복용 기간 동안 수분을 공급하고 설사의 심각도, 환자의 나이와 상태에 따라 수분의 정도와 공급방법을 조절."
18,K-001728,디크로닉정,"근육통, 신경통, 외상후 및 수술후 통증, 두통, 치통, 귀통증의 경증 또는 중등도 통증의 완화에 사용.","성인은 1회 1~2정, 1일 3회 복용."
19,K-001743,신일트리메부틴말레산염정,"식도역류 및 열공헤르니아, 위 십이지장염, 위ㆍ십이지장궤양에 있어서의 소화기능이상 과 과민성대장증후군 및 경련성 결장과 소아 질환)에 사용.","성인은 1회 1~2정 1일 3회 식전에 복용. 연령, 증상에 따라 적절히 증감."
20,K-001862,베아제정,"소화불량, 식욕감퇴, 과식, 체함, 소화촉진, 소화불량으로 인한 위부팽만감에 사용.",성인 1회 1정 1일 3회 식후에 복용.
21,K-001866,알마겔정,"위·십이지장궤양, 위염, 위산과다, 속쓰림, 구역, 구토, 위통, 신트림의 제산작용 및 증상의 개선에 사용.","성인 및 12세 이상: 1일 1회 1정 복용. 6~12세 미만: 체중 30 kg 이상은 1일 1회 1정, 30 kg 이하는 1일 1회 1/2정 복용."
22,K-002031,자비론정,불면증의 보조치료 및 진정에 사용.,성인은 1일 1회 1정을 반드시 수면 30분 전에 복용. 연령과 증상에 따라 적절히 증강할 수 있습니다.
23,K-002049,크라운소브레롤캅셀,"급·만성기관지염, 호흡장애를 수반한 기관지염, 비인두염, 후두기관염 등 분비기능이 항진된 급·만성 호흡기 장애에 사용.","성인은 1회 2캡슐씩, 1일 2회 복용."
24,K-002074,젠텔정,"회충, 요충, 십이지장충, 편충, 아메리카 구충, 분선충의 감염 및 이들 혼합감염의 치료에 사용.","성인 및 24개월 이상의 소아는 요충에 감염된 경우 1일 1회 1정 복용. 박멸을 위하여 7일 뒤, 한번만 더 1정을 복용. 회충, 십이지장충, 편충, 아메리카구충에 감염된 경우 1정을 단회 복용. 분선충의 다른 기생충과 중증 혼합 감염시 1일 1회 1정씩 3일간 복용. 삼키기 어려울 경우 씹거나 소량의 물로 복용할 수 있으며 식사를 중단하거나 하제를 쓰는 등의 특별한 과정은 필요하지 않습니다. 치료 3주 후 검사를 하여 치료되지 않았으면 경우에 따라 2차 투여를 실시할 수 있습니다."
25,K-002160,젤콤정,"회충, 요충, 편충, 십이지장충의 감염 및 이들 혼합감염의 치료에 사용.",성인 및 소아는 1정을 1회 복용.
26,K-002169,베스타제포르테정,"소화불량, 식욕감퇴, 과식, 식체, 소화촉진, 소화불량으로 인한 위부팽만감에 사용.",성인은 1회 1정을 1일 3회 식후에 복용.
27,K-002186,타라부틴정,"식도역류 및 열공헤르니아, 위 십이지장염, 위ㆍ십이지장궤양에 있어서의 소화기능이상 과 과민성대장증후군 및 경련성 결장과 소아 질환에 사용.","성인은 1회 0.5~1정 1일 3회 식전에 복용. 연령, 증상에 따라 적절히 증감."
28,K-002240,이부펜정,"감기로 인한 발열, 통증, 두통, 신경통, 근육통, 월경통, 염좌통, 치통, 관절통, 류마티양 통증에 사용.","류마티양 관절염, 골관절염, 강직성 척추염, 연조직손상, 비관절 류마티스질환, 급성통풍, 건선성 관절염에 성인은 1회 1 / 2 정~1.5정, 1일 3~4회 복용하며 1일 최고 3200 mg까지 복용할 수 있습니다. 연소성 류마티양 관절염에는 1일 체중 kg당 30-40 mg을 3~4회 분할하여 복용하며, 경증 및 중등도의 동통이나 감기에는 성인 1회 1 / 2 정~1정, 1일 3~4회 복용. 11~14세는 1회 200~250 mg, 7~10세는 1회 150~-200 mg, 3~6세는 1회 100~150 mg, 1~ 2세는 1회 50~100 mg을 1일 3~4회 경구투여. 체중이 30 kg 미만인 어린이는 1일량이 500 mg을 초과해서는 안되며 공복시 복용은 피하는 것이 바람직. 권장용량을 초과하여 복용하지 마십시오."
29,K-002256,크록신정,"근육통, 신경통, 외상후 및 수술후 통증, 두통, 치통, 귀통증의 경증 또는 중등도 통증의 완화에 사용.","성인은 1회 1 / 2 ~1정, 1일 3회 복용."
30,K-002257,트리마정,"식도역류 및 열공헤르니아, 위 십이지장염, 위·십이지장궤양에 있어서의 소화기능이상, 소화불량,구역, 구토)과 과민성대장증후군 및 경련성 결장과 소아 질환)에 사용.","성인은 1회 0.5~1정씩, 1일 3회 식전에 복용. 연령, 증상에 따라 적절히 증감."
31,K-002275,오스테민캡슐결정,경증에서 중등도의 골관절염에 사용.,성인은 1회 2캡슐 1일 3회 6주간 복용.
32,K-002495,대화이부프로펜정,"감기로 인한 발열, 통증, 두통, 신경통, 근육통, 월경통, 염좌통, 치통, 관절통, 류마티양 통증에 사용.","류마티양 관절염, 골관절염, 강직성 척추염, 연조직손상, 비관절 류마티스질환, 급성통풍, 건선성 관절염에 성인은 1회 1 / 2 정~1.5정, 1일 3~4회 복용하며 1일 최고 3200 mg까지 복용할 수 있습니다. 연소성 류마티양 관절염에는 1일 체중 kg당 30-40 mg을 3~4회 분할하여 복용하며, 경증 및 중등도의 동통이나 감기에는 성인 1회 1 / 2 정~1정, 1일 3~4회 복용. 11~14세는 1회 200~250 mg, 7~10세는 1회 150~-200 mg, 3~6세는 1회 100~150 mg, 1~ 2세는 1회 50~100 mg을 1일 3~4회 경구투여. 체중이 30 kg 미만인 어린이는 1일량이 500 mg을 초과해서는 안되며 공복시 복용은 피하는 것이 바람직. 권장용량을 초과하여 복용하지 마십시오."
33,K-002536,스메르정,불면증의 보조치료 및 진정에 사용.,성인은 1일 1회 1정을 반드시 수면 30분 전에 복용. 연령과 증상에 따라 적절히 증강할 수 있습니다.
34,K-002596,애드칼정,"칼슘 결핍 및 기타 칼슘보급과 임신ㆍ수유기, 발육기, 노년기의 비타민 D의 보급 및 뼈, 이의 발육불량, 구루병의 예방에 사용.","저녁 식사 후 바로 2정을 복용하고 부족시에는 아침, 점심 식후 바로 1정씩 복용. 1일 4정을 초과하지 않습니다."
35,K-002824,신일이부프로펜정,"감기로 인한 발열, 통증, 두통, 신경통, 근육통, 월경통, 염좌통, 치통, 관절통, 류마티양 통증에 사용.","류마티양 관절염, 골관절염, 강직성 척추염, 연조직손상, 비관절 류마티스질환, 급성통풍, 건선성 관절염에 성인은 1회 1 / 2 정~1.5정, 1일 3~4회 복용하며 1일 최고 3200 mg까지 복용할 수 있습니다. 연소성 류마티양 관절염에는 1일 체중 kg당 30-40 mg을 3~4회 분할하여 복용하며, 경증 및 중등도의 동통이나 감기에는 성인 1회 1 / 2 정~1정, 1일 3~4회 복용. 11~14세는 1회 200~250 mg, 7~10세는 1회 150~-200 mg, 3~6세는 1회 100~150 mg, 1~ 2세는 1회 50~100 mg을 1일 3~4회 경구투여. 체중이 30 kg 미만인 어린이는 1일량이 500 mg을 초과해서는 안되며 공복시 복용은 피하는 것이 바람직. 권장용량을 초과하여 복용하지 마십시오."
36,K-002942,엘칸정,"1차성, 2차성 카르니틴결핍증과 협심증, 급성심근경색 같은 허혈성 심질환에 의한 심근대사장애에 사용.","성인은 1일 2~3 g을 1일 2~3회 분할하여 복용. 연령, 증상에 따라 적절히 증감할 수 있습니다."
37,K-003017,프로트린정,"류마티양 관절염, 골관절염, 강직성 척추염, 건염, 급성통풍, 월경곤란증과 활액낭염, 골격근장애, 좌상, 외상, 요천통), 수술후 동통, 편두통, 발치후 통증에 사용.","류마티양 관절염, 골관절염, 강직성 척추염에 성인은 1회 1~2정, 1일 2회, 급성통풍에는 초회량으로 3정 복용하고 발작이 없어질때까지 8시간 간격으로 1정을 복용, 골격근장애, 수술후 동통, 발치후 동통, 월경곤란증, 건염, 활액낭염에는 초회량으로 2정을 복용한 후 6~8시간간격으로 1정씩 복용하고 1일 총용량이 5정을 초과하지 않도록 . 편두통에는 초회량으로 3정을 복용하고 필요하면 1일 1~2정을 더 복용할 수 있으며 초회량의 복용 30분 후에 복용. 1일 총용량이 5정을 초과하지 않도록 ."
38,K-003078,뮤코스텐캡슐,"급ㆍ만성기관지염, 기관지천식, 후두염, 부비동염, 낭성섬유증 질환에서의 객담배출곤란에 사용.","낭성섬유증에 6세 이상은 1회 2캡슐씩, 1일 3회 식전에 소량의 물과 함께 복용."
39,K-003329,메카인정,멀미에 의한 어지러움·구토·두통 등의 예방 및 완화에 사용.,만 15세 이상 및 성인은 멀미의 예방에는 승차 30분에서 1시간 전에 1회 1정을 복용. 필요시 추가복용 할 경우에는 1회 1정을 4시간 이상 간격을 두고 복용하며 1일 복용회수는 2회를 한도로 .
40,K-003746,토파제정,"소화불량, 식욕감퇴, 과식, 체함, 소화촉진, 소화불량으로 인한 위부팽만감에 사용.","만 15세 이상 및 성인은 1회 2정씩, 1일 3회 식후에 복용."
41,K-004030,종근당알벤다졸정,"회충, 요충, 십이지장충, 편충, 아메리카 구충, 분선충의 감염 및 이들 혼합감염의 치료에 사용.","성인 및 24개월 이상의 소아는 요충에 감염된 경우 1일 1회, 1정 복용. 박멸을 위하여 7일 뒤, 한번만 더 1정을 복용. 회충, 십이지장충, 편충, 아메리카구충에 감염된 경우 1정을 단회 복용. 분선충의 다른 기생충과 중증 혼합 감염 시 1일 1회 1정씩, 3일간 복용. 삼키기 어려울 경우 씹거나 소량의 물로 복용할 수 있으며 식사를 중단하거나 하제를 쓰는 등의 특별한 과정은 필요하지 않습니다. 치료 3주 후 검사를 하여 치료되지 않았으면 경우에 따라 2차 투여를 실시할 수 있습니다."
42,K-004168,비오라민정,"육체피로, 임신ㆍ수유기, 병중ㆍ병후의 체력 저하 시, 노년기의 비타민 E, B1, B2, B6, C의 보급과 신경통, 근육통, 관절통 등) 증상의 완화, 각기, 눈의 피로에 사용.","성인은 1회 1정씩, 1일 2회 복용."
43,K-004268,듀오락스정,"변비와 변비에 수반하는 식욕부진, 복부팽만, 장내이상발효, 치질의 완화에 사용.","만 15세 이상 및 성인은 1회 3정씩, 만 11세 이상~만 15세 미만은 1회 2정씩, 1일 1회 취침시에 복용. 단, 처음은 최소량을 복용하고, 변의 모양과 상태를 보면서 조금씩 증량 또는 감량하십시오."
44,K-004378,타이레놀정,"감기로 인한 발열, 통증, 두통, 신경통, 근육통, 월경통, 염좌통, 치통, 관절통, 류마티양 통증에 사용.","만 12세 이상의 소아 및 성인은 1회 1~2정씩, 1일 3~4회  필요시 복용. 이 약은 가능한 최단기간동안 최소 유효용량으로 복용하십시오."
45,K-004379,어린이용타이레놀정,"감기로 인한 발열, 통증, 두통, 신경통, 근육통, 월경통, 염좌통, 치통, 관절통, 류마티양 통증에 사용.",1일 5회를 초과하지 않음. 몸무게에 따라 10~15 mg/kg 복용 권장. 만 12세 이하 소아: 4~6시간마다 필요시 복용.
46,K-004548,큐자임정,"식욕감퇴, 위부팽만감, 소화불량, 과식, 체함, 구역, 구토, 소화촉진, 소화불량으로 인한 위부팽만감에 사용.","성인 및 15세 이상은 1회 1정, 1일 3회 식후에 복용."
47,K-004617,알콤정,"회충, 요충, 편충, 십이지장충의 감염 및 이들 혼합감염의 치료에 사용.",성인 및 소아는 1정을 1회 복용.
48,K-004637,삼남아세트아미노펜정,"감기로 인한 발열, 통증, 두통, 신경통, 근육통, 월경통, 염좌통, 치통, 관절통, 류마티양 통증에 사용.","성인은 1회 300~1,000 mg을 1일 3~4회 복용. 1일 최고 4,000 mg까지 투여할 수 있습니다. 연령, 증상에 따라 적절히 증감."
49,K-004799,타이레놀정,"감기로 인한 발열, 통증, 두통, 신경통, 근육통, 월경통, 염좌통, 치통, 관절통, 류마티양 통증에 사용.",1일 5회를 초과하지 않음. 몸무게에 따라 10~15 mg/kg 복용 권장. 만 12세 이하 소아: 4~6시간마다 필요시 복용.
50,K-005025,셀라펜정,"신경통, 근육통, 관절통, 요통, 염좌통, 견통, 근경련, 근경직등 근육의 이상 긴장을 수반하는 여러 질환에 사용.","성인은 1회 2정 1일 4회까지 공복을 피하여 복용. 연령, 증상에 따라 적절히 증감."
51,K-005094,삼남건조수산화알루미늄겔정,"위.십이지장궤양, 위염, 위산과다의 제산작용 및 증상의 개선에 사용.","성인은 1회 1~2정, 1일 3회 식간에 복용. 연령, 증상에 따라 적절히 증감."
52,K-005223,신일티아민염산염정,"비타민 B1 결핍증의 예방 및 치료에 사용하며 소모성 질환, 갑상선기능항진증, 임산부, 수유부, 심한 육체노동 시 비타민 B1의 수요가 증대하여 식사로부터의 섭취가 불충분한 경우의 보급, 베르니케뇌병증, 각기, 비타민 B1 결핍 또는 대사장애가 관여한다고 추정되는 근육통, 관절통, 신경통, 말초신경염, 말초신경마비에 사용.","성인은 1회 1～10 mg씩, 1일 1~3회 복용."
53,K-005466,베스자임정,"소화불량, 식욕감퇴, 과식, 체함, 소화촉진, 소화불량으로 인한 위부팽만감에 사용.",성인은 1회 1정 1일 3회 식후에 복용.
54,K-005556,바이탈씨에프정,"육체피로, 임신ㆍ수유기, 병중ㆍ병후의 체력 저하 시, 노년기의 비타민B2, B6, C, E의 보급과 햇볕ㆍ피부병 등에 의한 색소침착의 완화, 잇몸출혈, 비출혈 예방에 사용.","만 8세 이상 및 성인은 1회 1정씩, 1일 2회 입안에서 녹이거나 씹어서 복용."
55,K-005676,복합파자임이중정,"소화불량, 식욕감퇴, 과식, 체함, 소화촉진, 소화불량으로 인한 위부팽만감에 사용.",성인 및 15세 이상은 1회 1~2정 1일 3회 식후에 복용.
56,K-005849,무스판정,"위장관계 질환의 발작성 동통 또는 담도계, 비뇨기계, 월경곤란증 등 여성 생식기계의 기능장애 및 경련성 동통에 사용.",성인은 1회 1~2정 1일 3회 복용. 1일 최대용량은 6정을 초과하지 마십시오.
57,K-005886,타이레놀이알서방정,"감기로 인한 발열, 통증, 두통, 신경통, 근육통, 월경통, 염좌통, 치통, 관절통, 류마티양 통증에 사용.",12세 이상의 소아 및 성인은 매 8시간마다 2정씩 복용. 24시간 동안 6정을 초과하지 마십시오.
58,K-006025,세트린정,알레르기성 비염과 만성 두드러기를 치료.,"성인 및 6세 이상의 소아는 1일 1회 1정을 취침 전에 복용하고, 이상반응에 민감한 환자의 경우는 1 / 2 정씩을 아침, 저녁에 분할 복용. 연령, 증상에 따라 적절히 증감. 중등도~중증의 신장애 환자의 투여 간격은 환자의 신기능에 따라 조절되어야 하고, 신장애를 가진 소아 환자는 환자의 신 청소율과 체중을 고려하여 개별적으로 용량을 조절해야 하므로 자세한 사항은 허가사항을 참고하십시오."
59,K-006064,알레리진정,알레르기성 비염과 만성 두드러기를 치료.,"성인 및 6세 이상의 소아는 1일 1회 1정을 취침 전에 복용하고, 이상반응에 민감한 환자의 경우는 1 / 2 정씩을 아침, 저녁에 분할 복용. 연령, 증상에 따라 적절히 증감. 신장애 환자의 투여 간격은 환자의 신기능에 따라 조절되어야 하고, 신장애를 가진 소아 환자는 환자의 신 청소율과 체중을 고려하여 개별적으로 용량을 조절해야 하므로 자세한 사항은 허가사항을 참고하십시오."
60,K-006235,코나진정,알레르기성 비염과 만성 두드러기를 치료.,"성인 및 6세 이상의 소아는 1일 1회 1정을 취침 전에 복용하고, 이상반응에 민감한 환자의 경우는 1 / 2 정씩을 아침, 저녁에 분할 복용. 연령, 증상에 따라 적절히 증감. 신장애 환자의 투여 간격은 환자의 신기능에 따라 조절되어야 하고, 신장애를 가진 소아 환자는 환자의 신 청소율과 체중을 고려하여 개별적으로 용량을 조절해야 하므로 자세한 사항은 허가사항을 참고하십시오."
61,K-006250,알메텍정,알레르기성 비염과 만성 두드러기를 치료.,"성인 및 6세 이상의 소아는 1일 1회 1정을 취침 전에 복용하고, 이상반응에 민감한 환자의 경우는 1/2정씩을 아침, 저녁에 분할 복용. 연령, 증상에 따라 적절히 증감. 신장애 환자의 투여 간격은 환자의 신기능에 따라 조절되어야 하고, 신장애를 가진 소아 환자는 환자의 신 청소율과 체중을 고려하여 개별적으로 용량을 조절해야 하므로 자세한 사항은 허가사항을 참고하십시오."
62,K-006284,애니탈삼중정,"소화성 궤양에 따른 다음 증상의 개선: 위산과다, 속쓰림, 위부불쾌감, 위부팽만감, 식체, 구역,구토, 위통, 신트림, 소화불량에 사용.",성인은 1회 2정 1일 3회 매 식간에 복용.
63,K-006287,노타민정,알레르기성 비염과 만성 두드러기를 치료.,"성인 및 12세 이상: 1일 1회 1정 복용. 6~12세 미만: 체중 30 kg 이상은 1일 1회 1정, 30 kg 이하는 1일 1회 1/2정 복용."
64,K-006323,아루텍정,알레르기성 비염과 만성 두드러기를 치료.,"성인 및 6세 이상의 소아는 1일 1회 1정을 취침 전에 복용하고, 이상반응에 민감한 환자의 경우는 1 / 2 정씩을 아침, 저녁에 분할 복용. 연령, 증상에 따라 적절히 증감. 신장애 환자의 투여 간격은 환자의 신기능에 따라 조절되어야 하고, 신장애를 가진 소아 환자는 환자의 신 청소율과 체중을 고려하여 개별적으로 용량을 조절해야 하므로 자세한 사항은 허가사항을 참고하십시오."
65,K-006432,알티린정,알레르기성 비염과 만성 두드러기를 치료.,"성인 및 6세 이상의 소아는 1일 1회 1정을 취침 전에 복용하고, 이상반응에 민감한 환자의 경우는 1 / 2 정씩을 아침, 저녁에 분할 복용. 연령, 증상에 따라 적절히 증감. 신장애 환자의 투여 간격은 환자의 신기능에 따라 조절되어야 하고, 신장애를 가진 소아 환자는 환자의 신 청소율과 체중을 고려하여 개별적으로 용량을 조절해야 하므로 자세한 사항은 허가사항을 참고하십시오."
66,K-006435,질러탈정,알레르기성 비염과 만성 두드러기를 치료.,"만 6세 이상 및 성인은 1회 1정씩, 1일 1회 취침 전에 복용. 이상반응에 민감한 환자의 경우, ½정씩, 아침, 저녁에 분할하여 복용. 연령, 증상에 따라 적절히 증감. 신장애 환자의 투여 간격은 환자의 신기능에 따라 조절되어야 하고, 신장애를 가진 소아 환자는 환자의 신 청소율과 체중을 고려하여 개별적으로 용량을 조절해야 하므로 자세한 사항은 허가사항을 참고하십시오."
67,K-006456,로텍정,알레르기성 비염과 만성 두드러기를 치료.,"성인 및 6세 이상의 소아는 1일 1회 1정을 취침 전에 복용하고, 이상반응에 민감한 환자의 경우는 1/2정씩을 아침, 저녁에 분할 복용. 연령, 증상에 따라 적절히 증감. 신장애 환자의 투여 간격은 환자의 신기능에 따라 조절되어야 하고, 신장애를 가진 소아 환자는 환자의 신 청소율과 체중을 고려하여 개별적으로 용량을 조절해야 하므로 자세한 사항은 허가사항을 참고하십시오."
68,K-006544,코졸텍정,알레르기성 비염과 만성 두드러기를 치료.,"성인 및 6세 이상의 소아는 1일 1회 1정을 취침 전에 복용하고, 이상반응에 민감한 환자의 경우는 1/2정씩을 아침, 저녁에 분할 복용. 연령, 증상에 따라 적절히 증감. 신장애 환자의 투여 간격은 환자의 신기능에 따라 조절되어야 하고, 신장애를 가진 소아 환자는 환자의 신 청소율과 체중을 고려하여 개별적으로 용량을 조절해야 하므로 자세한 사항은 허가사항을 참고하십시오."
69,K-006562,로리딘정,알레르기성 비염과 만성 두드러기를 치료.,"성인 및 12세 이상: 1일 1회 1정 복용. 6~12세 미만: 체중 30 kg 이상은 1일 1회 1정, 30 kg 이하는 1일 1회 1/2정 복용."
70,K-006697,씨즈날정,알레르기성 비염과 만성 두드러기를 치료.,"만 6세 이상 및 성인은 1회 1정씩, 1일 1회 취침 전에 복용. 이상반응에 민감한 환자의 경우, ½정씩, 아침, 저녁에 분할하여 복용. 연령, 증상에 따라 적절히 증감. 신장애 환자의 투여 간격은 환자의 신기능에 따라 조절되어야 하고, 신장애를 가진 소아 환자는 환자의 신 청소율과 체중을 고려하여 개별적으로 용량을 조절해야 하므로 자세한 사항은 허가사항을 참고하십시오."
71,K-006886,엑티리딘정,"감기로 인한 발열, 통증, 두통, 신경통, 근육통, 월경통, 염좌통, 치통, 관절통, 류마티양 통증에 사용.","성인은 1회 1정, 소아는 1회 1 / 2 정을 1일 3회 매 식후에 복용."
72,K-006977,트라몰시간서방정,"감기로 인한 발열, 통증, 두통, 신경통, 근육통, 월경통, 염좌통, 치통, 관절통, 류마티양 통증에 사용.",12세 이상의 소아 및 성인은 매 8시간마다 2정씩 복용. 24시간 동안 6정을 초과하지 마십시오.
73,K-007024,훼스탈플러스정,"소화불량, 식욕감퇴, 과식, 체함, 소화촉진, 소화불량으로 인한 위부팽만감에 사용.","성인 및 15세 이상은 1회 1~2정, 만 8세~만 15세의 소아는 1회 1정을 1일 3회 식후에 씹지말고 복용."
74,K-007235,나프록스정,"류마티양 관절염, 골관절염, 강직성 척추염, 건염, 급성통풍, 월경곤란증과 활액낭염, 골격근장애, 좌상, 외상, 요천통), 수술후 동통, 편두통, 발치후 통증에 사용.","류마티양 관절염, 골관절염, 강직성 척추염에 성인은 1회 1~2정, 1일 2회, 급성통풍에는 초회량으로 3정 복용하고 발작이 없어질때까지 8시간 간격으로 1정을 복용, 골격근장애, 수술후 동통, 발치후 동통, 월경곤란증, 건염, 활액낭염에는 초회량으로 2정을 복용한 후 6~8시간간격으로 1정씩 복용하고 1일 총용량이 5정을 초과하지 않도록 . 편두통에는 초회량으로 3정을 복용하고 필요하면 1일 1~2정을 더 복용할 수 있으며 초회량의 복용 30분 후에 복용. 1일 총용량이 5정을 초과하지 않도록 ."
75,K-007317,나프롱정,"류마티양 관절염, 골관절염, 강직성 척추염, 건염, 급성통풍, 월경곤란증과 활액낭염, 골격근장애, 좌상, 외상, 요천통), 수술후 동통, 편두통, 발치후 통증에 사용.","류마티양 관절염, 골관절염, 강직성 척추염에 성인은 1회 1~2정, 1일 2회, 급성통풍에는 초회량으로 3정 복용하고 발작이 없어질때까지 8시간 간격으로 1정을 복용, 골격근장애, 수술후 동통, 발치후 동통, 월경곤란증, 건염, 활액낭염에는 초회량으로 2정을 복용한 후 6~8시간간격으로 1정씩 복용하고 1일 총용량이 5정을 초과하지 않도록 . 편두통에는 초회량으로 3정을 복용하고 필요하면 1일 1~2정을 더 복용할 수 있으며 초회량의 복용 30분 후에 복용. 1일 총용량이 5정을 초과하지 않도록 ."
76,K-007339,쎄로테정,알레르기성 비염과 만성 두드러기를 치료.,"성인 및 6세 이상의 소아는 1일 1회 1정을 취침 전에 복용하고, 이상반응에 민감한 환자의 경우는 1 / 2 정씩을 아침, 저녁에 분할 복용. 연령, 증상에 따라 적절히 증감. 신장애 환자의 투여 간격은 환자의 신기능에 따라 조절되어야 하고, 신장애를 가진 소아 환자는 환자의 신 청소율과 체중을 고려하여 개별적으로 용량을 조절해야 하므로 자세한 사항은 허가사항을 참고하십시오."
77,K-007340,프리나정,"류마티양 관절염, 골관절염, 강직성 척추염, 건염, 급성통풍, 월경곤란증과 활액낭염, 골격근장애, 좌상, 외상, 요천통), 수술후 동통, 편두통, 발치후 통증에 사용.","류마티양 관절염, 골관절염, 강직성 척추염에 성인은 1회 1~2정씩, 1일 2회 12시간마다 복용. 급성통풍에 성인은 처음 복용량으로 3정을 복용하고, 발작이 없어질 때까지 8시간 간격으로 1정을 복용. 골격근장애, 수술후 통증, 발치 후 통증, 월경곤란증, 힘줄염, 활액낭염에 성인은 처음 복용량으로 2정을 복용하고 6~8시간 간격으로 1정씩 투여. 1일 총용량이 1,350 mg을 초과하지 않도록 . 편두통에 성인은 처음 복용량으로 3정을 복용. 필요하면 1일 1~2정을 더 복용할 수 있으며 처음 복용량의 복용 30분 후에 복용. 1일 총용량이 1,350 mg을 초과하지 않도록 . 연령, 증상에 따라 적절히 증감할 수 있습니다."
78,K-007348,리보테인정,"육체피로, 임신ㆍ수유기, 병중ㆍ병후의 체력 저하 시 비타민 B2, B6의 보급과 구각염, 구순염, 구내염, 설염, 습진, 피부염 증상의 완화에 사용.","만 8세 이상 어린이 및 성인은 1회 1정씩, 1일 3회 식후에 복용."
79,K-007388,크라운세티리진염산염정,알레르기성 비염과 만성 두드러기를 치료.,"성인 및 6세 이상의 소아는 1일 1회 1정을 취침 전에 복용하고, 이상반응에 민감한 환자의 경우는 1 / 2 정씩을 아침, 저녁에 분할 복용. 연령, 증상에 따라 적절히 증감. 신장애 환자의 투여 간격은 환자의 신기능에 따라 조절되어야 하고, 신장애를 가진 소아 환자는 환자의 신 청소율과 체중을 고려하여 개별적으로 용량을 조절해야 하므로 자세한 사항은 허가사항을 참고하십시오."
80,K-007588,씨메탈시정,"위통, 속쓰림, 체함, 구역에 사용.","15세 이상~80세 미만 성인은 1회 2정씩 복용. 필요시 4시간 간격으로 1회 2정씩, 1일 3회까지 복용할 수 있습니다. 단, 1일 3회을 초과하여 복용하지 마십시오."
81,K-007822,훼스탈골드정,"소화불량, 식욕감퇴, 과식, 체함, 소화촉진, 소화불량으로 인한 위부팽만감에 사용.","성인은 1회 1정씩, 1일 3회 식후에 씹지말고 복용."
82,K-007843,태극나렉신정,"류마티양 관절염, 골관절염, 강직성 척추염, 건염, 급성통풍, 월경곤란증과 활액낭염, 골격근장애, 좌상, 외상, 요천통), 수술후 동통, 편두통, 발치후 통증에 사용.","류마티양 관절염, 골관절염, 강직성 척추염에 성인은 1회 1~2정, 1일 2회, 급성통풍에는 초회량으로 3정 복용하고 발작이 없어질때까지 8시간 간격으로 1정을 복용, 골격근장애, 수술후 동통, 발치후 동통, 월경곤란증, 건염, 활액낭염에는 초회량으로 2정을 복용한 후 6~8시간간격으로 1정씩 복용하고 1일 총용량이 5정을 초과하지 않도록 . 편두통에는 초회량으로 3정을 복용하고 필요하면 1일 1~2정을 더 복용할 수 있으며 초회량의 복용 30분 후에 복용. 1일 총용량이 5정을 초과하지 않도록 ."
83,K-007914,마그오캡슐,"위.십이지장궤양, 위염, 위산과다의 제산작용 및 증상의 개선, 변비증에 사용.","위.십이지장궤양, 위염, 위산과다에는 산화마그네슘으로서 1일 1~2캡슐을 수회 분할 복용, 변비증에는 1일 4캡슐을 1~2회 분할 복용. 다만, 초회는 최소량을 복용하고 변의 모양과 상태를 보면서 조금씩 증량 또는 감량."
84,K-007923,콘로인캡슐,경증에서 중등도의 골관절염에 사용.,성인은 1회 1~2캡슐을 1일 2회 복용.
85,K-008123,미래나프록센나트륨정,"류마티양 관절염, 골관절염, 강직성 척추염, 건염, 급성통풍, 월경곤란증과 활액낭염, 골격근장애, 좌상, 외상, 요천통), 수술후 동통, 편두통, 발치후 통증에 사용.","류마티양 관절염, 골관절염, 강직성 척추염에 성인은 1회 1~2정, 1일 2회, 급성통풍에는 초회량으로 3정 복용하고 발작이 없어질때까지 8시간 간격으로 1정을 복용, 골격근장애, 수술후 동통, 발치후 동통, 월경곤란증, 건염, 활액낭염에는 초회량으로 2정을 복용한 후 6~8시간간격으로 1정씩 복용하고 1일 총용량이 5정을 초과하지 않도록 . 편두통에는 초회량으로 3정을 복용하고 필요하면 1일 1~2정을 더 복용할 수 있으며 초회량의 복용 30분 후에 복용. 1일 총용량이 5정을 초과하지 않도록 ."
86,K-008204,씨씨본정,"위십이지장궤양, 위염, 위산과다의 제산작용 및 증상의 개선과 칼슘보급에 사용.","위·십이지장궤양, 위염, 위산과다에는 1일 2~10정을 3~4회 분할 복용, 칼슘보급에는 1일 3~6정을 1~2회 분할 복용. 연령, 증상에 따라 적절히 증감."
87,K-008537,한미알마게이트정,"위·십이지장궤양, 위염, 위산과다, 속쓰림, 구역, 구토, 위통, 신트림의 제산작용 및 증상의 개선에 사용.","성인 및 12세 이상: 1일 1회 1정 복용. 6~12세 미만: 체중 30 kg 이상은 1일 1회 1정, 30 kg 이하는 1일 1회 1/2정 복용."
88,K-008826,아웃콜캡슐,"감기로 인한 발열, 통증, 두통, 신경통, 근육통, 월경통, 염좌통, 치통, 관절통, 류마티양 통증에 사용.","만 15세 이상 및 성인은 1회 2캡슐씩, 1일 3회 식후 30분 이내에 복용."
89,K-008868,샤이닝정,"위장관계 질환의 발작성 동통 또는 담도계, 비뇨기계, 월경곤란증 등 여성 생식기계의 기능장애 및 경련성 동통에 사용.",성인은 1회 1~2정 1일 3회 복용. 1일 최대용량은 6정을 초과하지 마십시오.
90,K-008900,복합탈시드츄어블정,"속쓰림, 위부불쾌감, 위통, 위산과다, 구역, 구토, 위부팽만감, 위체, 신트림에 사용.",만 15세 이상 소아 및 성인은 1회 1정 1일 3회 식전 또는 식간의 공복시에 씹어서 복용하거나 입안에서 녹여서 복용.
91,K-008976,세티진정,알레르기성 비염과 만성 두드러기를 치료.,"성인 및 6세 이상의 소아는 1일 1회 1정을 취침 전에 복용하고, 이상반응에 민감한 환자의 경우는 1/2정씩을 아침, 저녁에 분할 복용. 연령, 증상에 따라 적절히 증감. 신장애 환자의 투여 간격은 환자의 신기능에 따라 조절되어야 하고, 신장애를 가진 소아 환자는 환자의 신 청소율과 체중을 고려하여 개별적으로 용량을 조절해야 하므로 자세한 사항은 허가사항을 참고하십시오."
92,K-009379,트립라인정,"수술 및 외상후, 유즙울체의 염증성 부종의 완화에 사용.","성인은 첫날 1회 2정 1일 4회, 이후 유지량으로 1회 1정 1일 4회 복용. 체내에서의 작용기전은 아직 해명되지 않은 점이 많고 용량, 효과관계도 밝혀진 것이 아니므로 목적 없이 투여하지 않습니다."
93,K-009387,자니틴정,"위산과다, 속쓰림, 신트림에 사용.",성인은 1일 1회 1정을 복용. 8시간 경과후에도 증상의 개선이 없을 경우 1정을 추가로 복용. 1일 2정을 초과하지 마십시오.
94,K-009410,세르비아캡슐,"장내균총 이상에 의한 정장, 변비, 묽은 변, 복부팽만감, 장내이상발효의 개선에 사용.","성인은 1회 1캡슐씩 1일 3회 복용. 연령, 증상에 따라 적절히 증감할 수 있습니다."
95,K-009432,액소도스정,"감기로 인한 발열, 통증, 두통, 신경통, 근육통, 월경통, 염좌통, 치통, 관절통, 류마티양 통증에 사용.","성인은 1회 1정, 소아는 1회 1 / 2 정을 1일 3회 매 식후에 복용."
96,K-009443,삐삐콜플러스정,"계절성 및 통년성 비 알레르기, 급성 비염 및 부비동염, 급성 및 아급성 부비강염, 이관폐색 및 분비성 중이염에서의 상기도 점막 충혈의 증상 변화에 사용.","성인 및 12세 이상: 1일 1회 1정 복용. 6~12세 미만: 체중 30 kg 이상은 1일 1회 1정, 30 kg 이하는 1일 1회 1/2정 복용."
97,K-009496,리메부틴정,"식도역류 및 열공헤르니아, 위 십이지장염, 위ㆍ십이지장궤양에 있어서의 소화기능이상 , 과민성대장증후군 및 경련성 결장, 소아 질환)에 사용.","성인은 1회 1~2정 1일 3회 식전에 복용. 연령, 증상에 따라 적절히 증감."
98,K-010408,셀트리온트리메부틴말레산염정,"식도역류 및 열공헤르니아, 위 십이지장염, 위ㆍ십이지장궤양에 있어서의 소화기능이상 과 과민성대장증후군 및 경련성 결장과 소아 질환에 사용.","성인은 1회 0.5~1정 1일 3회 식전에 복용. 연령, 증상에 따라 적절히 증감."
99,K-010450,코미정,"감기로 인한 발열, 통증, 두통, 신경통, 근육통, 월경통, 염좌통, 치통, 관절통, 류마티양 통증에 사용.","만 12세 이상 소아 및 성인은 4시간마다 1정씩 복용하되, 24시간 동안 6정을 초과하지 마십시오. 만 6세 이상~12세 미만 소아는 4시간마다 1 / 2 정씩 복용하되, 24시간동안 3정을 초과하지 마십시오. 만 6세 미만 소아는 의사의 지시에 따릅니다."
100,K-010528,애니펜정,"만성 다발성 관절염, 류마티스관절염, 관절증, 강직척추염, 외상 및 수술 후 통증성 부종 또는 염증과 염증, 통증 및 발열을 수반하는 감염증의 치료보조에 사용.","6세 이상의 어린이는 체중 kg당 약 15 mg을 1일 2~4회 분할 복용. 체중이 30 kg 미만인 어린이는 1일 용량이 2정을 초과해서는 안됩니다. 성인은 1회 2정을 1일 2~4회 식사시 복용. 단, 1일 8정을 초과하지 않습니다."
101,K-010538,펜타우드정,"만성 다발성관절염, 류마티스관절염, 관절증, 강직척추염, 외상 및 수술 후 통증성 부종 또는 염증 그리고 염증, 통증 및 발열을 수반하는 감염증의 치료보조에 사용.","성인은 1회 1정씩, 1일 2~4회 복용. 단, 1일 4정을 초과하지 않습니다."
102,K-010543,에쟈스민정,알레르기성 비염과 만성 두드러기를 치료.,"성인 및 12세 이상: 1일 1회 1정 복용. 6~12세 미만: 체중 30 kg 이상은 1일 1회 1정, 30 kg 이하는 1일 1회 1/2정 복용."
103,K-010545,데코라펜정,"만성 다발성관절염, 류마티스관절염, 관절증, 강직척추염, 외상 및 수술 후 통증성 부종 또는 염증 그리고 염증, 통증 및 발열을 수반하는 감염증의 치료보조에 사용.","성인은 1회 1정씩, 1일 2~4회 복용. 단, 1일 4정을 초과하지 않습니다."
104,K-010738,덱스핀정,"만성 다발성 관절염, 류마티스관절염, 관절증, 강직척추염, 외상 및 수술 후 통증성 부종 또는 염증, 염증, 통증 및 발열을 수반하는 감염증의 치료보조에 사용.","성인은 1회 1정씩, 1일 2~4회 복용. 단, 1일 4정을 초과하지 않습니다."
105,K-010749,훼로바유서방정,철 결핍성 빈혈의 예방 및 치료에 사용.,"성인 및 12세 이상 어린이는 1회 1정, 1일 1~2회 식후 씹지 않고 삼켜서 복용."
106,K-010769,잘젠정,"소화불량, 식욕감퇴, 과식, 체함, 소화촉진, 소화불량으로 인한 위부팽만감에 사용.",성인은 1회 1~2정 1일 3회 식후에 복용.
107,K-010912,로이디펜캡슐,"설사, 묽은 변, 식체, 토사에 사용.",15세 이상 및 성인은 1회 2캡슐을 1일 2회 복용. 복용간격은 4시간 이상으로 .
108,K-010944,스카이정,"위장관계 질환의 발작성 동통 또는 담도계, 비뇨기계, 월경곤란증 등 여성 생식기계의 기능장애 및 경련성 동통에 사용.",성인은 1회 1~2정 1일 3회 복용. 1일 최대용량은 6정을 초과하지 마십시오.
109,K-010955,미다펜정,"신경통, 근육통, 관절통, 요통, 염좌통, 견통, 근경련, 근경직등 근육의 이상 긴장을 수반하는 제질환에 사용.","성인은 1회 2정, 1일 4회까지 공복을 피하여 복용. 연령, 증상에 따라 적절히 증감."
110,K-010995,구주로라타딘정,알레르기성 비염과 만성 두드러기를 치료.,"성인 및 12세 이상: 1일 1회 1정 복용. 6~12세 미만: 체중 30 kg 이상은 1일 1회 1정, 30 kg 이하는 1일 1회 1/2정 복용."
111,K-011015,시노카엔캡슐,알레르기성 비염과 만성 두드러기를 치료.,성인은 4시간 이상의 간격으로 1회 1캡슐씩 1일 3회 식후 복용.
112,K-011029,하이스탈정,"위산과다, 속쓰림, 위부불쾌감, 위부팽만감, 식체, 구역, 구토, 위통, 신트림, 소화불량, 식욕감퇴, 과식, 소화촉진, 소화불량으로 인한 위부팽만감에 사용.",성인은 1회 2정 1일 3회 매 식후에 복용.
113,K-011064,팬스타정,"만성 다발성관절염, 류마티스관절염, 관절증, 강직척추염, 외상 및 수술 후 통증성 부종 또는 염증 그리고 염증, 통증 및 발열을 수반하는 감염증의 치료보조에 사용.","성인은 1회 1정씩, 1일 2~4회 복용. 단, 1일 4정을 초과하지 않습니다."
114,K-011154,프리메정,"만성 다발성 관절염, 류마티스관절염, 관절증, 강직척추염, 외상 및 수술 후 통증성 부종 또는 염증, 염증, 통증 및 발열을 수반하는 감염증의 치료보조에 사용.","성인은 1회 1정씩, 1일 2~4회 복용. 단, 1일 4정을 초과하지 않습니다."
115,K-011166,시노피드플러스정,"감기로 인한 발열, 통증, 두통, 신경통, 근육통, 월경통, 염좌통, 치통, 관절통, 류마티양 통증에 사용.",성인은 1회 1~2정씩 4∼6시간마다 복용. 1일 최대 8정을 초과하여 복용하지 마십시오.
116,K-011354,애드빌정,"감기로 인한 발열, 통증, 두통, 신경통, 근육통, 월경통, 염좌통, 치통, 관절통, 류마티양 통증에 사용.","성인은 류마티양 관절염, 골관절염, 강직성 척추염, 연조직손상, 비관절 류마티스질환, 급성통풍, 건선성 관절염에는 1회 1~3정 1일 3~4회 1일 최고 16정까지 투여할 수 있으며, 연소성 류마티양 관절염에는 1일 체중 kg당 30~40 mg을 3~4회 분할 경구 투여, 경증 및 중등도의 동통이나 감기에는 성인 1회 1~2정 1일 3~4회 복용. 11~14세는 1회 200~250 mg, 7~10세는 1회 150~200 mg, 3~ 6세는 1회 100~150 mg, 1~ 2세는 1회 50~100 mg을 1일 3~4회 복용. 체중이 30kg미만인 어린이는 1일량이 500 mg을 초과해서는 안되며 공복시 투여는 피하는 것이 바람직."
117,K-011543,이바내정,"육체피로, 임신·수유기, 병중·병후의 체력 저하 시 비타민 B2, B6, C의 보급과 구각염, 구순염, 구내염, 설염, 습진, 피부염 증상의 완화에 사용.","만 8세 이상 어린이 및 성인은 1회 2정씩, 1일 1회 복용."
118,K-011544,생장환에스정,"변비와 변비에 수반하는 머리가 무거움, 역상, 피부거침, 부스럼, 식욕부진, 복부팽만, 장내이상발효, 치질의 완화에 사용.","15세 이상 및 성인은 1회 1~3정을 1일 1회 취침전시)에 복용. 단, 처음은 최소량을 이용하고, 변통의 비율이나 상태를 보면서 조금씩 증량 또는 감량하십시오."
119,K-011613,세토펜이알서방정,"감기로 인한 발열, 통증, 두통, 신경통, 근육통, 월경통, 염좌통, 치통, 관절통, 류마티양 통증에 사용.",12세 이상의 소아 및 성인은 매 8시간마다 2정씩 복용. 24시간 동안 6정을 초과하지 마십시오.
120,K-011617,모아코정,"감기로 인한 발열, 통증, 두통, 신경통, 근육통, 월경통, 염좌통, 치통, 관절통, 류마티양 통증에 사용.",성인은 1회 1~2정씩 4∼6시간마다 복용. 1일 최대 8정을 초과하여 복용하지 마십시오.
121,K-011780,지펜정,"만성 다발성관절염, 류마티스관절염, 관절증, 강직척추염, 외상 및 수술 후 통증성 부종 또는 염증 그리고 염증, 통증 및 발열을 수반하는 감염증의 치료보조에 사용.","성인은 1회 1정, 1일 2~4회 복용. 단, 1일 4정을 초과하지 않습니다."
122,K-011783,아르펜정,"감기로 인한 발열, 통증, 두통, 신경통, 근육통, 월경통, 염좌통, 치통, 관절통, 류마티양 통증에 사용.","성인 및 12세 이상: 1일 1회 1정 복용. 6~12세 미만: 체중 30 kg 이상은 1일 1회 1정, 30 kg 이하는 1일 1회 1/2정 복용."
123,K-011845,하드칼츄어블정,"칼슘 결핍 및 기타 칼슘의 보급과 임신ㆍ수유기, 발육기, 노년기의 비타민 D의 보급과 뼈, 이의 발육불량, 구루병의 예방에 사용.","성인 및 만 12세 이상은 1회 1~2정, 1일 1회 복용. 만 36개월 이상~만 12세 미만 어린이는 1회 1 / 2 ~1정, 1일 1회 복용. 입안에서 녹이거나 씹어서 복용."
124,K-011846,타세놀이알서방정,"감기로 인한 발열, 통증, 두통, 신경통, 근육통, 월경통, 염좌통, 치통, 관절통, 류마티양 통증에 사용.",12세 이상의 소아 및 성인은 매 8시간마다 2정씩 복용. 24시간 동안 6정을 초과하지 마십시오.
125,K-011942,맥스펜정,"만성 다발성관절염, 류마티스관절염, 관절증, 강직척추염, 외상 및 수술 후 통증성 부종 또는 염증 그리고 염증, 통증 및 발열을 수반하는 감염증의 치료보조에 사용.","성인은 1회 1정씩, 1일 2~4회 복용. 단, 1일 4정을 초과하지 않습니다."
126,K-011982,쎄락틸정,"만성 다발성 관절염, 류마티스관절염, 관절증, 강직척추염, 외상 및 수술 후 통증성 부종 또는 염증, 염증, 통증 및 발열을 수반하는 감염증의 치료보조에 사용.","성인은 1회 1정씩, 1일 2~4회 복용. 단, 1일 4정을 초과하지 않습니다."
127,K-012003,올바펜정,"감기로 인한 발열, 통증, 두통, 신경통, 근육통, 월경통, 염좌통, 치통, 관절통, 류마티양 통증에 사용.","성인은 1회 1~2정, 1일 3회 공복을 피하여 복용. 복용간격은 4시간 이상으로 ."
128,K-012081,리렉스펜정,"신경통, 근육통, 관절통, 요통, 염좌통, 견통, 근경련, 근경직등 근육의 이상 긴장을 수반하는 여러 질환에 사용.","성인은 1회 2정 1일 4회까지 공복을 피하여 복용. 연령, 증상에 따라 적절히 증감."
129,K-012192,에스프로펜정,"만성 다발성 관절염, 류마티스관절염, 관절증, 강직척추염, 외상 및 수술 후 통증성 부종 또는 염증, 염증·통증 및 발열을 수반하는 감염증의 치료보조에 사용.","성인은 1회 1정씩, 1일 2~4회 복용. 단, 1일 4정을 초과하지 않습니다."
130,K-012244,엔시드시간이알서방정,"감기로 인한 발열, 통증, 두통, 신경통, 근육통, 월경통, 염좌통, 치통, 관절통, 류마티양 통증에 사용.",12세 이상의 소아 및 성인은 매 8시간마다 2정씩 복용. 24시간 동안 6정을 초과하지 마십시오.
131,K-012249,우먼스타이레놀정,"월경 전 긴장증, 부종, 경련, 요통 및 두통의 완화에 사용.","성인 및 12세 이상: 1일 1회 1정 복용. 6~12세 미만: 체중 30 kg 이상은 1일 1회 1정, 30 kg 이하는 1일 1회 1/2정 복용."
132,K-012256,제스부틴정,"식도역류 및 열공헤르니아, 위 십이지장염, 위ㆍ십이지장궤양에 있어서의 소화기능이상 과 과민성대장증후군 및 경련성 결장과 소아 질환)에 사용.","성인은 1회 1~2정 1일 3회 식전에 복용. 연령, 증상에 따라 적절히 증감."
133,K-012758,피로펜정,"신경통, 근육통, 관절통, 요통, 염좌통, 견통, 근경련, 근경직등 근육의 이상 긴장을 수반하는 여러 질환에 사용.","성인은 1회 2정, 1일 4회까지 공복을 피하여 복용. 연령, 증상에 따라 적절히 증감."
134,K-012769,닥터베아제정,"소화불량, 식욕감퇴, 과식, 체함, 소화촉진, 소화불량으로 인한 위부팽만감에 사용.",성인 1회 1정을 1일 3회 식후에 복용.
135,K-012865,알비정,"회충, 요충, 십이지장충, 편충, 아메리카 구충, 분선충의 감염 및 이들 혼합감염의 치료에 사용.","성인 및 24개월 이상의 소아는 요충에 1일 1회 1정을 복용. 박멸을 위하여 7일 뒤, 한번만 더 1정을 복용. 회충, 십이지장충, 편충, 아메리카구충에 1회 1정을 단회 복용. 분선충의 다른 기생충과 중증 혼합 감염 시에 1일 1회 1정 씩 3일간 복용. 삼키기 어려울 경우 씹거나 소량의 물로 복용할 수 있으며 식사를 중단하거나 하제를 쓰는 등의 특별한 과정은 필요하지 않습니다. 치료 3주 후 검사를 하여 치료되지 않았으면 경우에 따라 2차 투여를 실시할 수 있습니다."
136,K-012914,엠피스정,"신경통, 근육통, 관절통, 허리통, 삠 통증, 어깨통증, 근육경련, 근경직 등 근육의 이상 긴장을 수반하는 여러 질환에 사용.","성인은 1회 2정씩, 1일 4회까지 공복 시를 피하여 복용. 연령, 증상에 따라 적절히 증감."
137,K-013135,포부틴정,"식도역류 및 열공헤르니아, 위 십이지장염, 위ㆍ십이지장궤양에 있어서의 소화기능이상 , 과민성대장증후군 및 경련성 결장, 소아 질환)에 사용.","성인은 1회 100~200 mg 1일 3회 식전에 복용. 연령, 증상에 따라 적절히 증감."
138,K-013256,람노스캡슐,장내균총의 정상화에 의한 정장 및 설사증상의 개선에 사용.,성인은 1일 2~8캡슐을 개봉하지 않고 물과 함께 삼켜 복용.
139,K-013259,마그네스정,"임신·수유기, 병중･병후의 체력 저하 시 비타민 B6의 보급과 마그네슘결핍으로 인한 근육경련에 사용.","성인은 1회 2정씩, 1일 3회 식사 중 다량의 물과 함께 복용."
140,K-013332,엘도랄정,급ㆍ만성 호흡기질환에서의 점액용해 및 거담에 사용.,성인은 1회 1정을 1일 2~3회 복용. 급성 호흡기질환에 투여 시 연속으로 10일 이상 투여하지 않습니다.
141,K-013378,데이감에스정,"감기로 인한 발열, 통증, 두통, 신경통, 근육통, 월경통, 염좌통, 치통, 관절통, 류마티양 통증에 사용.",성인은 4∼6시간마다 1회 1∼2정씩 복용. 최대 하루 8정을 초과하지 않습니다.
142,K-013390,소하자임플러스정,"위산과다, 속쓰림, 위부불쾌감, 위부팽만감, 식체, 구역, 구토, 위통, 신트림, 소화불량, 식욕부진, 과식, 소화촉진, 소화불량으로 인한 위부팽만감에 사용.","성인은 1회 2정씩, 1일 3회 매 식후에 복용."
143,K-013395,써스펜시간이알서방정,"감기로 인한 발열, 통증, 두통, 신경통, 근육통, 월경통, 염좌통, 치통, 관절통, 류마티양 통증에 사용.",12세 이상의 소아 및 성인은 매 8시간마다 2정씩 복용. 24시간 동안 6정을 초과하지 마십시오.
144,K-013403,엘도인캡슐,급ㆍ만성 호흡기질환에서의 점액용해 및 거담에 사용.,성인은 1회 1캡슐을 1일 2~3회 복용. 급성 호흡기질환에 복용 시 연속으로 10일 이상 복용하지 않습니다.
145,K-013450,하디코프에프정,"감기로 인한 발열, 통증, 두통, 신경통, 근육통, 월경통, 염좌통, 치통, 관절통, 류마티양 통증에 사용.","만 15세 이상 및 성인은 1회 2정씩, 만 7세 이상~만 15세 미만은 1회 1정씩, 1일 3회 식후 30분에 복용."
146,K-013470,클록펜정,"신경통, 근육통, 관절통, 요통, 염좌통, 견통, 근경련, 근경직등 근육의 이상 긴장을 수반하는 제질환에 사용.","성인은 1회 2정, 1일 4회까지 공복을 피하여 복용. 연령, 증상에 따라 적절히 증감."
147,K-013474,디펜코정,"감기로 인한 발열, 통증, 두통, 신경통, 근육통, 월경통, 염좌통, 치통, 관절통, 류마티양 통증에 사용.",성인은 1회 1~2정씩 4∼6시간마다 복용. 1일 최대 8정을 초과하여 복용하지 마십시오.
148,K-013543,파모콤푸츄정,위산과다 및 속쓰림과 관련된 가슴앓이의 경감에 사용.,성인 및 15세 이상은 1정을 씹어서 복용. 24시간 안에 2정 이상을 복용하지 마십시오. 2주를 초과하여 복용하지 마십시오.
149,K-013592,콜바스타에프정,"감기로 인한 발열, 통증, 두통, 신경통, 근육통, 월경통, 염좌통, 치통, 관절통, 류마티양 통증에 사용.",성인은 1회 1~2정씩 4∼6시간마다 복용. 1일 최대 8정을 초과하여 복용하지 마십시오.
150,K-013626,타이레놀콜드에스정,"감기로 인한 발열, 통증, 두통, 신경통, 근육통, 월경통, 염좌통, 치통, 관절통, 류마티양 통증에 사용.","15세 이상 성인은 1회 1정씩, 1일 3회 식후 30분에 복용."
